providerNum,productRef,productDesignation,productPrice,productProReduc,productCltReduc,productQty,productAlert,productDescription
9,0.010.6017.0,SOUPAD L130SIEGE 44TIGE 9ANGLE 30 SAME TRACTEUR,118.49,35.0,0,10,2,SOUPAD L130SIEGE 44TIGE 9ANGLE 30 SAME TRACTEUR
9,0.010.6022.0,SOUPEX L130SIEGE 3950TIGE 9ANGLE 45 SAME TRACTEUR,118.15,35.0,0,10,2,SOUPEX L130SIEGE 3950TIGE 9ANGLE 45 SAME TRACTEUR
9,0.013.1887.0,JOINT CUL D105SAME TRACTEUR EXPLORER II,190.44,35.0,0,10,2,JOINT CUL D105SAME TRACTEUR EXPLORER II
9,0.051.0050.6,POCHETTE COMPSAME TRACTEUR EXPLORER II,1796.76,35.0,0,10,2,POCHETTE COMPSAME TRACTEUR EXPLORER II
9,0.065.1215.0/1216,Coussinet de palier moteur Same 916A 916W 10003A 10003W,118.72,35.0,0,10,2,Coussinet de palier moteur Same 916A 916W 10003A 10003W
9,0.065.1218.0,CAL LATERAL SAME TRACTEUR,101.82,35.0,0,10,2,CAL LATERAL SAME TRACTEUR
9,0.065.1450.0/30,JOINT CACHE SOUP SAME TRACTEUR,70.87,34.99,0,10,2,JOINT CACHE SOUP SAME TRACTEUR
9,0.081.0090.6/10,JSEGMENT D105 STD SAME 3X25X4,205.04,35.0,0,10,2,JSEGMENT D105 STD SAME 3X25X4
9,0.099.0060.B,PISTON SANS SEG D105AXE 35HU5725CH603X25X4 SAME TRACTEUR,704.94,35.0,0,10,2,PISTON SANS SEG D105AXE 35HU5725CH603X25X4 SAME TRACTEUR
9,00101V0,JS D89 25x2x3 MERCEDES SPRINTER 901 904 0874310000,269.07,35.0,0,10,2,JS D89 25x2x3 MERCEDES SPRINTER 901 904 0874310000
9,00136N0,BSEG MERCEDES C200  D88  25X2X3 479025308912740000,414.78,35.0,0,10,2,BSEG MERCEDES C200  D88  25X2X3 479025308912740000
9,00192N0,JS  MERCEDES 200  220 OM 615 D87 2x2x40817070010,331.82,35.0,0,10,2,JS  MERCEDES 200  220 OM 615 D87 2x2x40817070010
9,001AS18744000,CAL MERCEDES 240,263.0,35.0,0,10,2,CAL MERCEDES 240
9,001AS18744020,CAL MERCEDES 240,125.74,35.0,0,10,2,CAL MERCEDES 240
9,001AS18750010,CAL MERCEDES 190  250 45CYL,186.72,35.0,0,10,2,CAL MERCEDES 190  250 45CYL
9,001AS18750020,CAL MERCEDES 190  250 45CYL,148.66,35.0,0,10,2,CAL MERCEDES 190  250 45CYL
9,001BB19423300,BB MAN F9 MOT2848 MERCEDES OM 424900 553328,105.53,35.0,0,10,2,BB MAN F9 MOT2848 MERCEDES OM 424900 553328
9,001BS10714300,BB  jeux de 6 bagues  AXE36 MERCEDES OM352,240.7,35.0,0,10,2,BB  jeux de 6 bagues  AXE36 MERCEDES OM352
11,HUT1000K6,Courroie Trapezoidale A Nervures Citroen Peugeot,68.8,0.0,0,10,2,Courroie Trapezoidale A Nervures Citroen Peugeot
11,HUT1022SK4,Courroie Trapezoidale A Nervures Fiat PuntoDoblo 13D,68.04,0.0,0,10,2,Courroie Trapezoidale A Nervures Fiat PuntoDoblo 13D
11,HUT1030k6,Courroie Trapezoidale A Nervures Citroen PeugeotOpel 16Hdi,71.82,0.0,0,10,2,Courroie Trapezoidale A Nervures Citroen PeugeotOpel 16Hdi
11,HUT1050K6,Courroie Trapezoidale A Nervures Citroen Peugeot,74.84,0.0,0,10,2,Courroie Trapezoidale A Nervures Citroen Peugeot
11,HUT1070K6,Courroie Trapezoidale A Nervures VwAudiSkoda Seat 16Tdi,67.28,0.0,0,10,2,Courroie Trapezoidale A Nervures VwAudiSkoda Seat 16Tdi
11,HUT1072K6,Courroie Trapezoidale A Nervures MercedesRenaultPeugeot,80.33,0.0,0,10,2,Courroie Trapezoidale A Nervures MercedesRenaultPeugeot
11,HUT1100K6,Courroie Trapezoidale A Nervures VwAudiSkoda Seat,80.62,0.0,0,10,2,Courroie Trapezoidale A Nervures VwAudiSkoda Seat
11,HUT1125K6,Courroie Trapezoidale A Nervures Dacia Dokker Lodgy,74.45,0.0,0,10,2,Courroie Trapezoidale A Nervures Dacia Dokker Lodgy
11,HUT1130K6,Courroie Trapezoidale A Nervures DaciaRenault 15dCI,72.13,0.0,0,10,2,Courroie Trapezoidale A Nervures DaciaRenault 15dCI
11,HUT1140K6,Courroie Trapezoidale A Nervures Toyota Corolla,85.12,0.0,0,10,2,Courroie Trapezoidale A Nervures Toyota Corolla
11,HUT1148K6,Courroie Trapezoidale A Nervures Citroen PeugeotFord,81.65,0.0,0,10,2,Courroie Trapezoidale A Nervures Citroen PeugeotFord
11,HUT1153K6,Courroie Trapezoidale A Nervures Citroen PeugeotDacia,74.98,0.0,0,10,2,Courroie Trapezoidale A Nervures Citroen PeugeotDacia
11,HUT1165K6,Courroie Trapezoidale A Nervures DaciaRenaultNissan,74.84,0.0,0,10,2,Courroie Trapezoidale A Nervures DaciaRenaultNissan
11,HUT1170K6,Courroie Trapezoidale A Nervures VwAudiSkoda Seat,88.85,0.0,0,10,2,Courroie Trapezoidale A Nervures VwAudiSkoda Seat
11,HUT1180K6,Courroie Trapezoidale A Nervures peugeot Boxer Jumper 20HDI,93.74,0.0,0,10,2,Courroie Trapezoidale A Nervures peugeot Boxer Jumper 20HDI
11,HUT1200K5,Courroie Trapezoidale A Nervures Renault Master II Megane II,68.78,0.0,0,10,2,Courroie Trapezoidale A Nervures Renault Master II Megane II
11,HUT1200K6,Courroie Trapezoidale A Nervures DaciaRenaultNissan,70.02,0.0,0,10,2,Courroie Trapezoidale A Nervures DaciaRenaultNissan
11,HUT1320K6,Courroie Trapezoidale A Nervures Fiat 500XQuboTipo,91.67,0.0,0,10,2,Courroie Trapezoidale A Nervures Fiat 500XQuboTipo
11,HUT1400K6,Courroie Trapezoidale A Nervures RKangoo 15 DCI,82.4,0.0,0,10,2,Courroie Trapezoidale A Nervures RKangoo 15 DCI
11,HUT1440K6,Courroie Trapezoidale A Nervures PartnerBerlingo 19D,85.43,0.0,0,10,2,Courroie Trapezoidale A Nervures PartnerBerlingo 19D
11,HUT1460k6,Courroie Trapezoidale A Nervures Ford TransitLand Rover,96.01,0.0,0,10,2,Courroie Trapezoidale A Nervures Ford TransitLand Rover
11,HUT1468k6,Courroie Trapezoidale A Nervures Citroen Peugeot 20Hdi,100.32,0.0,0,10,2,Courroie Trapezoidale A Nervures Citroen Peugeot 20Hdi
11,HUT1515K6,Courroie Trapezoidale A Nervures HyundaiKIA,97.52,0.0,0,10,2,Courroie Trapezoidale A Nervures HyundaiKIA
11,HUT1520K6,Courroie Trapezoidale A Nervures SkodaVwFord,107.35,0.0,0,10,2,Courroie Trapezoidale A Nervures SkodaVwFord
11,HUT1658K6,Courroie Trapezoidale A Nervures VwAudiSkoda Seat 19D,112.13,0.0,0,10,2,Courroie Trapezoidale A Nervures VwAudiSkoda Seat 19D
11,HUT1682K6,Courroie Trapezoidale A Nervures Ford FiestaMondeo,107.51,0.0,0,10,2,Courroie Trapezoidale A Nervures Ford FiestaMondeo
11,HUT1705K6,Courroie Trapezoidale A Nervures Citroen Peugeot 14Hdi,106.81,0.0,0,10,2,Courroie Trapezoidale A Nervures Citroen Peugeot 14Hdi
11,HUT1725K6,Courroie Trapezoidale A Nervures Citroen OpelFiat,104.33,0.0,0,10,2,Courroie Trapezoidale A Nervures Citroen OpelFiat
11,HUT1740K6,Courroie Trapezoidale A Nervures Citroen Peugeot 18D20Hdi,107.35,0.0,0,10,2,Courroie Trapezoidale A Nervures Citroen Peugeot 18D20Hdi
11,HUT1750K6,Courroie Trapezoidale A Nervures Citroen Peugeot 19D20Hdi,109.62,0.0,0,10,2,Courroie Trapezoidale A Nervures Citroen Peugeot 19D20Hdi
11,HUT1815K5,Courroie Trapezoidale A Nervures Bmw 520525 Tds,104.33,0.0,0,10,2,Courroie Trapezoidale A Nervures Bmw 520525 Tds
11,HUT2002K6,Courroie Trapezoidale A Nervures Mercedes 207307,135.77,0.0,0,10,2,Courroie Trapezoidale A Nervures Mercedes 207307
11,HUT2215k6,Courroie Trapezoidale A Nervures Mercedes Sprinter M906W204,120.96,0.0,0,10,2,Courroie Trapezoidale A Nervures Mercedes Sprinter M906W204
11,HUT2260K6,Courroie Trapezoidale A Nervures Mercedes Sprinter M902903904,117.18,0.0,0,10,2,Courroie Trapezoidale A Nervures Mercedes Sprinter M902903904
11,HUT673K4,Courroie Trapezoidale A Nervures KiaHyundai,37.04,0.0,0,10,2,Courroie Trapezoidale A Nervures KiaHyundai
11,HUT715K3,Courroie Trapezoidale A Nervures Renault Laguna Megane II,29.48,0.0,0,10,2,Courroie Trapezoidale A Nervures Renault Laguna Megane II
11,HUT750k3,Courroie Trapezoidale A Nervures DaciaRenault Ess,30.24,0.0,0,10,2,Courroie Trapezoidale A Nervures DaciaRenault Ess
11,HUT775K4,Courroie Trapezoidale A Nervures Toyota Hiace 24D,47.34,0.0,0,10,2,Courroie Trapezoidale A Nervures Toyota Hiace 24D
11,HUT780k4,Courroie Trapezoidale A Nervures Bmw HyundaiOpel,41.77,0.0,0,10,2,Courroie Trapezoidale A Nervures Bmw HyundaiOpel
11,HUT870K6,Courroie Trapezoidale A Nervures RenaultOpel,56.41,0.0,0,10,2,Courroie Trapezoidale A Nervures RenaultOpel
11,HUT903K6,Courroie Trapezoidale A Nervures VwAudiSkoda Seat,65.4,0.0,0,10,2,Courroie Trapezoidale A Nervures VwAudiSkoda Seat
11,HUT923K6,Courroie Trapezoidale A Nervures Vw Golf III 19SDI,58.97,0.0,0,10,2,Courroie Trapezoidale A Nervures Vw Golf III 19SDI
11,HUT963K6,Courroie Trapezoidale A Nervures PartnerBerlingo B9 16Hdi,84.41,0.0,0,10,2,Courroie Trapezoidale A Nervures PartnerBerlingo B9 16Hdi
11,HUT975K6,Courroie Trapezoidale A Nervures Citroen PeugeotFord,68.8,0.0,0,10,2,Courroie Trapezoidale A Nervures Citroen PeugeotFord
11,HUT985K6,Courroie Trapezoidale A Nervures Bmw 116118i F2021,64.56,0.0,0,10,2,Courroie Trapezoidale A Nervures Bmw 116118i F2021
11,HUTKH101C,Kit de Distribution DACIA RENAULTNISSAN 123X27,340.2,0.0,0,10,2,Kit de Distribution DACIA RENAULTNISSAN 123X27
11,HUTKH450,Kit de Distribution Citroen PeugeotFord 141x25,599.46,0.0,0,10,2,Kit de Distribution Citroen PeugeotFord 141x25
11,HUTKH505,Kit de Distribution VwSeatSkodaAudi 145x25,688.81,0.0,0,10,2,Kit de Distribution VwSeatSkodaAudi 145x25
9,001BS18751300,BB MERCEDES 240,242.27,35.0,0,10,2,BB MERCEDES 240
9,001BS18802300,BB  AXE 28,115.48,35.0,0,10,2,BB  AXE 28
9,001FL10358000,PALCENT MERCEDES Diam 128,841.4,35.0,0,10,2,PALCENT MERCEDES Diam 128
9,001FL10358050,PALCENT MERCEDES Diam 128,748.94,35.0,0,10,2,PALCENT MERCEDES Diam 128
9,001FL10358075,PALCENT MERCEDES Diam 128,1101.42,35.0,0,10,2,PALCENT MERCEDES Diam 128
9,001HL10220000,CP MERCEDES Diam 128,225.23,35.0,0,10,2,CP MERCEDES Diam 128
9,001HL10220050,CP MERCEDES Diam 128,174.74,35.0,0,10,2,CP MERCEDES Diam 128
9,001HL10220075,CP MERCEDES Diam 128,202.38,35.0,0,10,2,CP MERCEDES Diam 128
9,001HL20044000,COUSSINET DE PALIER MERCEDES OM611  CLASSE CEVITO  STD  1CY,250.37,35.0,0,10,2,COUSSINET DE PALIER MERCEDES OM611  CLASSE CEVITO  STD  1CY
9,001HL20044025,COUSSINET DE PALIER MERCEDES OM611  CLASSE CEVITO  025 1CY,284.82,35.0,0,10,2,COUSSINET DE PALIER MERCEDES OM611  CLASSE CEVITO  025 1CY
9,001HS10643050,CP MERCEDES 240,499.07,35.0,0,10,2,CP MERCEDES 240
9,001HS10704000,CP MERCEDES 190  4CYL H9975STD,500.08,35.0,0,10,2,CP MERCEDES 190  4CYL H9975STD
9,001HS10704050,CP MERCEDES 190  4CYL H997550,556.5,35.0,0,10,2,CP MERCEDES 190  4CYL H997550
9,001HS10705025,CP MERCEDES 190  250,812.81,35.0,0,10,2,CP MERCEDES 190  250
9,001HS10705050,CP MERCEDES 190  250,640.05,35.0,0,10,2,CP MERCEDES 190  250
9,001HS10705075,CP MERCEDES 190  250 5 CYL,585.24,35.0,0,10,2,CP MERCEDES 190  250 5 CYL
9,001HS10746025,CP MERCEDES Diam 125 et 128,1666.84,35.0,0,10,2,CP MERCEDES Diam 125 et 128
9,001HS18100025,CP MAN D2866 MERCEDES H9927025,1922.12,35.0,0,10,2,CP MAN D2866 MERCEDES H9927025
9,001HS18100075,CP MAN D2866 MERCEDES H9927075,1922.12,35.0,0,10,2,CP MAN D2866 MERCEDES H9927075
9,001PL10266050,CB MERCEDES Diam 125 et 128,249.83,35.0,0,10,2,CB MERCEDES Diam 125 et 128
9,001PL18097000,CB MAN  Diam 128,163.43,35.0,0,10,2,CB MAN  Diam 128
9,001PL18097075,CB MAN  Diam 128,134.09,35.0,0,10,2,CB MAN  Diam 128
9,001PL20042000,CP MERCEDES C200 D88,367.9,35.0,0,10,2,CP MERCEDES C200 D88
9,001PL20042025,CP MERCEDES C200 D88,359.37,35.0,0,10,2,CP MERCEDES C200 D88
9,001PS10000000,CB MERCEDES OM 352  D755  STD,951.79,35.0,0,10,2,CB MERCEDES OM 352  D755  STD
9,001PS10578000,CB MERCEDES 240876966000130404 STD,223.16,35.0,0,10,2,CB MERCEDES 240876966000130404 STD
9,001PS10578075,CB MERCEDES 240,219.32,35.0,0,10,2,CB MERCEDES 240
9,001PS10702000,CB MERCEDES 190  250,408.78,35.0,0,10,2,CB MERCEDES 190  250
9,001PS10702025,CB MERCEDES 190  250,410.9,35.0,0,10,2,CB MERCEDES 190  250
9,001RS001110N0,JS D83 2X175X2 MERC C220250 CDI W204  SPRINW906 MOT OM651,345.84,35.0,0,10,2,JS D83 2X175X2 MERC C220250 CDI W204  SPRINW906 MOT OM651
9,001WN2001,CHEMISE MERCEDES CLASSE C HUMID D86X92X96X5X151,435.76,35.0,0,10,2,CHEMISE MERCEDES CLASSE C HUMID D86X92X96X5X151
9,001WV0400,CHEMISE  MERCEDES 240300 D9160956480,332.19,35.0,0,10,2,CHEMISE  MERCEDES 240300 D9160956480
9,001WV0900,CHEMISE  MERCEDES D87,304.22,35.0,0,10,2,CHEMISE  MERCEDES D87
9,00208N0,JS  MERCEDES 190  250 D  D87 2X2X3 40432630U8910350000,351.48,35.0,0,10,2,JS  MERCEDES 190  250 D  D87 2X2X3 40432630U8910350000
9,002103,AMORT RENAULT 21  BREAK NEVADA  AR  36E900,754.23,35.0,0,10,2,AMORT RENAULT 21  BREAK NEVADA  AR  36E900
9,00215N0,JS D89 175X2X35  MERC 190  200 W201 W124 ESS 0818140010,398.1,35.0,0,10,2,JS D89 175X2X35  MERC 190  200 W201 W124 ESS 0818140010
9,00219N0,JS D8850 15X175X3  MERCEDES W224 W463  ESS,295.5,35.0,0,10,2,JS D8850 15X175X3  MERCEDES W224 W463  ESS
9,00223N0,JS MERCEDES 190  250 D  D87 25x2x300293N0,338.35,35.0,0,10,2,JS MERCEDES 190  250 D  D87 25x2x300293N0
9,0022400,PISTON D89 HA44Axe 26 CH25x2x3   MERCEDES SPRINTER OM601,1326.68,35.0,0,10,2,PISTON D89 HA44Axe 26 CH25x2x3   MERCEDES SPRINTER OM601
9,00224N0,JS MER 200 CLAS D89 2X25X3479026208000178100008910590000,365.1,35.0,0,10,2,JS MER 200 CLAS D89 2X25X3479026208000178100008910590000
9,00224N2,JS MERCEDES 200 CLASS  D8950 25X2X30874310700,353.85,35.0,0,10,2,JS MERCEDES 200 CLASS  D8950 25X2X30874310700
9,0024900,PIS MERCEDES  OM 616 D909  AXE 26 HA4835 3X2X4 8717670000,1162.49,35.0,0,10,2,PIS MERCEDES  OM 616 D909  AXE 26 HA4835 3X2X4 8717670000
9,0024902,PIS MERCEDES D915 Axe26 HA4835 OM 616  8717670800,1798.63,35.0,0,10,2,PIS MERCEDES D915 Axe26 HA4835 OM 616  8717670800
9,00249N0,JS MERCEDES 240 D  D91  2x3x4 89102500000817670000,324.02,35.0,0,10,2,JS MERCEDES 240 D  D91  2x3x4 89102500000817670000
9,00249N1,JS MERCEDES 240 D  D91 2X3X4 0817380000,322.0,35.0,0,10,2,JS MERCEDES 240 D  D91 2X3X4 0817380000
9,00249N3,JS MERCEDES 240 D  D915 3x2x4 08173807008910255000,372.69,35.0,0,10,2,JS MERCEDES 240 D  D915 3x2x4 08173807008910255000
